idcongregation,congregation_name,translation,first_est,year_est,rite,idbuildings,building_name,bld_lat,bld_long,bld_city,bld_state,bld_country,yr_start,purpose_built,year_opened,year_opened_acc,yr_end,year_nonextant,year_non_acc,cong_lat,cong_long,cong_city,cong_state,cong_country,region,notes,idcitation,cit_short,citation,pg
1,Beth Jacob,House of Jacob,1602,1602,sephardic,136,Beth Jacob,52.3702157,4.8951679,Amsterdam,NULL,Netherlands,1614,FALSE,1614,accurate,1639,0,,52.3702157,4.8951679,Amsterdam,NULL,Netherlands,Western Europe,NULL,NULL,NULL,NULL,NULL
2,Neveh Shalom,Abode of Peace,1602,1608,sephardic,137,Neveh Shalom,52.3702157,4.8951679,Amsterdam,NULL,Netherlands,1612,TRUE,1612,accurate,1639,0,,52.3702157,4.8951679,Amsterdam,NULL,Netherlands,Western Europe,NULL,NULL,NULL,NULL,NULL
3,Beth Israel,House of Israel,1602,1618,sephardic,138,Beth Israel,52.3702157,4.8951679,Amsterdam,NULL,Netherlands,1618,FALSE,1618,accurate,1639,0,,52.3702157,4.8951679,Amsterdam,NULL,Netherlands,Western Europe,NULL,NULL,NULL,NULL,NULL
4,Talmud Torah,Study of the Torah,1602,1638,sephardic,6,"Talmud Torah, Portuguese Synagogue I",52.3702157,4.8951679,Amsterdam,NULL,Netherlands,1639,TRUE,1639,accurate,1931,1931,accurate,52.3702157,4.8951679,Amsterdam,NULL,Netherlands,Western Europe,NULL,NULL,NULL,NULL,NULL
4,Talmud Torah,Study of the Torah,1602,1638,sephardic,4,"Esnoga, Talmud Torah II",52.3702157,4.8951679,Amsterdam,NULL,Netherlands,1675,TRUE,1675,accurate,2021,0,,52.3702157,4.8951679,Amsterdam,NULL,Netherlands,Western Europe,NULL,NULL,NULL,NULL,NULL
5,Zur Israel,Rock of Israel,1637,1638,sephardic,38,Zur Israel Synagogue,-8.054074,-34.8708494,Recife,Pernambuco,Brazil,1640,TRUE,1641,estimate,1654,1900,estimate,-8.054074,-34.8708494,Recife,Pernambuco,Brazil,South America,NULL,16,"Böhm, 1988","Böhm, Günter. 1988. “The First Sephardic Synagogues in South America and in the Caribbean Area.” Studia Rosenthaliana 22 (1): 1–14.",3
5,Zur Israel,Rock of Israel,1637,1638,sephardic,109,Magen Abraham,-8.054074,-34.8708494,Mauricia,Pernambuco,Brazil,1648,TRUE,1648,estimate,1653,1653,estimate,-8.054074,-34.8708494,Recife,Pernambuco,Brazil,South America,NULL,16,"Böhm, 1988","Böhm, Günter. 1988. “The First Sephardic Synagogues in South America and in the Caribbean Area.” Studia Rosenthaliana 22 (1): 1–14.",3
7,Nidhe Israel,Scattered of Israel,1654,1654,sephardic,13,Nidhe Israel,13.0968511,-59.6144819,Bridgetown,NULL,Barbados,1654,TRUE,1654,accurate,1831,1831,accurate,13.0968511,-59.6144819,Bridgetown,NULL,Barbados,Caribbean,NULL,NULL,NULL,NULL,NULL
7,Nidhe Israel,Scattered of Israel,1654,1654,sephardic,97,Nidhe Israel,13.0968511,-59.6144819,Bridgetown,NULL,Barbados,1833,TRUE,1833,accurate,2021,0,,13.0968511,-59.6144819,Bridgetown,NULL,Barbados,Caribbean,NULL,NULL,NULL,NULL,NULL
8,Semah David,Branch of David,1654,1660,sephardic,105,Semah David Synogogue,13.253123,-59.6377134,Speightstown,NULL,Barbados,1660s-1670s,TRUE,1665,estimate,1739,1739,accurate,13.253123,-59.6377134,Speightstown,NULL,Barbados,Caribbean,not seperate congregation from Nidhe Israel,NULL,NULL,NULL,NULL
9,Mikve Israel,Hope of Israel,1651,1651,sephardic,16,"First Synagogue Curacao, Mikve Israel I",12.1047416,-68.9326698,Willemstad,NULL,Curacao,1674,TRUE,1674,accurate,1692,1692,accurate,12.1047416,-68.9326698,Willemstad,NULL,Curacao,Caribbean,NULL,NULL,NULL,NULL,NULL
9,Mikve Israel,Hope of Israel,1651,1651,sephardic,113,Mikve Israel II,12.1047416,-68.9326698,Willemstad,NULL,Curacao,1692,TRUE,1692,accurate,1703,1703,accurate,12.1047416,-68.9326698,Willemstad,NULL,Curacao,Caribbean,NULL,NULL,NULL,NULL,NULL
9,Mikve Israel,Hope of Israel,1651,1651,sephardic,114,Mikve Israel III,12.1047416,-68.9326698,Willemstad,NULL,Curacao,1703,TRUE,1703,accurate,1730,1730,accurate,12.1047416,-68.9326698,Willemstad,NULL,Curacao,Caribbean,NULL,NULL,NULL,NULL,NULL
9,Mikve Israel,Hope of Israel,1651,1651,sephardic,43,Mikve Israel Synagogue (IV),12.1047416,-68.9326698,Willemstad,NULL,Curacao,1732,TRUE,1732,accurate,2021,0,,12.1047416,-68.9326698,Willemstad,NULL,Curacao,Caribbean,NULL,NULL,NULL,NULL,NULL
9,Mikve Israel,Hope of Israel,1651,1651,sephardic,117,Neve Shalom,12.1047416,-68.9326698,Willemstad,NULL,Curacao,1746,TRUE,1746,accurate,1818,1864,accurate,12.1047416,-68.9326698,Willemstad,NULL,Curacao,Caribbean,NULL,NULL,NULL,NULL,NULL
10,Kahal Kadosh Neve Zedek,Abode (Dwelling Place) of Justice,1684,1684,sephardic,111,Neve Zedek I,17.9367669,-76.8411038,Port Royal,NULL,Jamaica,1684,TRUE,1684,estimate,1692,1692,accurate,17.9367669,-76.8411038,Port Royal,NULL,Jamaica,Caribbean,Information from the tombstone of Rev. Haham Jeosuah (Joshua) Hisquiau deCordova,96,"Andrade, 1941","Andrade, Jacob A.P.M. 1941. A Record of the Jews in Jamaica from the English Conquest to the Present Times. Kingston  Jamaica: Jamaica Times Ltd.
",39
10,Kahal Kadosh Neve Zedek,Abode (Dwelling Place) of Justice,1684,1684,sephardic,112,Neve Zedek II,17.9367669,-76.8411038,Port Royal,NULL,Jamaica,1719,TRUE,1719,estimate,1815,1815,estimate,17.9367669,-76.8411038,Port Royal,NULL,Jamaica,Caribbean,Information from the tombstone of Rev. Haham Jeosuah (Joshua) Hisquiau deCordova,96,"Andrade, 1941","Andrade, Jacob A.P.M. 1941. A Record of the Jews in Jamaica from the English Conquest to the Present Times. Kingston  Jamaica: Jamaica Times Ltd.
",39
11,Congregation Nevis,NULL,1684,1684,sephardic,107,Synagogue Nevis,17.1374798,-62.6236633,Charlestown,NULL,Nevis,1684,TRUE,1684,accurate,1772,1772,accurate,17.1374798,-62.6236633,Charlestown,NULL,Nevis,Caribbean,NULL,NULL,NULL,NULL,NULL
12,Congregation Cassipora,NULL,1666,1666,sephardic,42,Synagogue Cassipora,5.3972081,-54.944665,Cassipora,NULL,Suriname,1671,TRUE,1671,accurate,1685,1685,accurate,5.3972081,-54.944665,Cassipora,NULL,Suriname,South America,date of cemetery,NULL,NULL,NULL,NULL
13,Berakha ve Shalom,Blessing and Peace,1666,1685,sephardic,17,Berakha ve Shalom Synagogue,5.417798,-54.964218,Jodensavanne,NULL,Suriname,1685,TRUE,1685,accurate,1832,1832,estimate,5.417798,-54.964218,Jodensavanne,NULL,Suriname,South America,NULL,NULL,NULL,NULL,NULL
13,Berakha ve Shalom,Blessing and Peace,1666,1685,sephardic,35,Neveh Shalom Synagogue,5.8520355,-55.2038278,Paramaribo,NULL,Suriname,1719,TRUE,1719,accurate,1735,1835,accurate,5.417798,-54.964218,Jodensavanne,NULL,Suriname,South America,NULL,NULL,NULL,NULL,NULL
14,Kahal Kadosh Sha'ar Hashamayim,Gates of Heaven,1656,1656,sephardic,1,Creechurch Lane Synagogue,51.5073509,-0.1277583,London,NULL,England,1657,FALSE,1657,accurate,1675,1674,accurate,51.5073509,-0.1277583,London,NULL,England,Western Europe,Bevis Marks,NULL,NULL,NULL,NULL
14,Kahal Kadosh Sha'ar Hashamayim,Gates of Heaven,1656,1656,sephardic,2,Creechurch Lane Synagogue [1675],51.5073509,-0.1277583,London,NULL,England,1675,FALSE,1675,accurate,1701,0,,51.5073509,-0.1277583,London,NULL,England,Western Europe,Bevis Marks,NULL,NULL,NULL,NULL
14,Kahal Kadosh Sha'ar Hashamayim,Gates of Heaven,1656,1656,sephardic,0,Bevis Marks Synagogue,51.5073509,-0.1277583,London,NULL,England,1701,TRUE,1701,accurate,2021,0,,51.5073509,-0.1277583,London,NULL,England,Western Europe,Bevis Marks,NULL,NULL,NULL,NULL
15,Kahal Kadosh Neve Shalom,Abode (Dwelling Place) of Peace,1684,1692,sephardic,39,Neveh Shalom Synagogue,18.0193171,-76.9758274,Spanish Town,NULL,Jamaica,1704,TRUE,1704,accurate,1900,1907,accurate,18.0193171,-76.9758274,Spanish Town,NULL,Jamaica,Caribbean,founded 5452,96,"Andrade, 1941","Andrade, Jacob A.P.M. 1941. A Record of the Jews in Jamaica from the English Conquest to the Present Times. Kingston  Jamaica: Jamaica Times Ltd.
",40
16,Kahal Kadosh Shaar Ha Shamaim,Gates of Heaven,1684,1693,sephardic,115,Shaar Ha Shamaim I,18.0178743,-76.8099041,Kingston,NULL,Jamaica,1704,TRUE,1704,estimate,1744,1744,accurate,18.0178743,-76.8099041,Kingston,NULL,Jamaica,Caribbean,probably founded soon after 1692 Port Royal Earhtquake,96,"Andrade, 1941","Andrade, Jacob A.P.M. 1941. A Record of the Jews in Jamaica from the English Conquest to the Present Times. Kingston  Jamaica: Jamaica Times Ltd.
",46
16,Kahal Kadosh Shaar Ha Shamaim,Gates of Heaven,1684,1693,sephardic,19,Shaar Ha Shamaim Synagogue (II),18.0178743,-76.8099041,Kingston,NULL,Jamaica,1744,TRUE,1744,accurate,1882,1882,accurate,18.0178743,-76.8099041,Kingston,NULL,Jamaica,Caribbean,probably founded soon after 1692 Port Royal Earhtquake,96,"Andrade, 1941","Andrade, Jacob A.P.M. 1941. A Record of the Jews in Jamaica from the English Conquest to the Present Times. Kingston  Jamaica: Jamaica Times Ltd.
",46
17,Santa Irmandad,Holy Brotherhood,1710,1710,sephardic,116,Santa Irmandad,10.797778,-68.3175,Tucacas,NULL,Venezuala,1710s,TRUE,1710,estimate,1720,1720,accurate,10.797778,-68.3175,Tucacas,NULL,Venezuala,South America,estimate,NULL,NULL,NULL,NULL
18,Neve Shalom,Abode of Peace,1666,1735,ashkenazi,35,Neveh Shalom Synagogue,5.8520355,-55.2038278,Paramaribo,NULL,Suriname,1735,TRUE,1719,accurate,1835,1835,accurate,5.8520355,-55.2038278,Paramaribo,NULL,Suriname,South America,ashkenazi starting 1735,NULL,NULL,NULL,NULL
18,Neve Shalom,Abode of Peace,1666,1735,ashkenazi,100,Neve Shalom,5.8520355,-55.2038278,Paramaribo,NULL,Suriname,1835,TRUE,1837,accurate,2021,0,,5.8520355,-55.2038278,Paramaribo,NULL,Suriname,South America,ashkenazi starting 1735,NULL,NULL,NULL,NULL
19,Shearith Israel,Remnant of Israel,1654,1654,sephardic,162,Shearith Israel Synagogue (earliest),40.7127753,-74.0059728,New York,New York,United States,1692,FALSE,1692,estimate,1729,1729,accurate,40.7127753,-74.0059728,New York,New York,United States,North America,NULL,NULL,NULL,NULL,NULL
19,Shearith Israel,Remnant of Israel,1654,1654,sephardic,33,"Mill Street Synagogue, Shearith Israel I",40.7127753,-74.0059728,New York,New York,United States,1730,TRUE,1730,accurate,1818,1818,accurate,40.7127753,-74.0059728,New York,New York,United States,North America,NULL,NULL,NULL,NULL,NULL
19,Shearith Israel,Remnant of Israel,1654,1654,sephardic,129,Shearith Israel (II),40.7127753,-74.0059728,New York,New York,United States,1818,TRUE,1818,accurate,1833,1833,accurate,40.7127753,-74.0059728,New York,New York,United States,North America,NULL,NULL,NULL,NULL,NULL
19,Shearith Israel,Remnant of Israel,1654,1654,sephardic,103,Shearith Israel,40.7127753,-74.0059728,New York,New York,United States,1897,TRUE,1897,accurate,2021,0,,40.7127753,-74.0059728,New York,New York,United States,North America,NULL,NULL,NULL,NULL,NULL
20,Zedek ve Shalom,Justice and Peace,1666,1735,sephardic,36,Tzedek ve-Shalom Synagogue,5.8520355,-55.2038278,Paramaribo,NULL,Suriname,1735,TRUE,1735,accurate,1999,0,,5.8520355,-55.2038278,Paramaribo,NULL,Suriname,South America,NULL,NULL,NULL,NULL,NULL
21,Honen Dalim,Charitable to the Poor,1737,1737,sephardic,41,Honen Dalim Synagogue I,17.4867485,-62.9764978,Orangjestad,NULL,St. Eustatius,1739,TRUE,1739,accurate,1772,1772,accurate,17.4867485,-62.9764978,Orangjestad,NULL,St. Eustatius,Caribbean,NULL,NULL,NULL,NULL,NULL
21,Honen Dalim,Charitable to the Poor,1737,1737,sephardic,134,Honen Dalim Synagogue II,17.4867485,-62.9764978,Orangjestad,NULL,St. Eustatius,1772,TRUE,1773,accurate,1800,1800,estimate,17.4867485,-62.9764978,Orangjestad,NULL,St. Eustatius,Caribbean,NULL,NULL,NULL,NULL,NULL
22,Neve Shalom,Abode of Peace,1651,1732,sephardic,139,Neve Shalom I,12.1047416,-68.9326698,Willemstad,NULL,Curacao,1732,FALSE,1732,accurate,1734,0,,12.1047416,-68.9326698,Willemstad,NULL,Curacao,Caribbean,"Branch of Mikve Israel congregation, Otrobanda neighborhood",21,"Maduro, 1982","Maduro, René, ed. 1982. Our “Snoa”, 5492-5742. Willemstad, Curaçao: Congregation Mikvé Isreal-Emmanuel Curaçao.",58
22,Neve Shalom,Abode of Peace,1651,1732,sephardic,140,Neve Shalom II,12.1047416,-68.9326698,Willemstad,NULL,Curacao,1734,FALSE,1734,accurate,1746,0,,12.1047416,-68.9326698,Willemstad,NULL,Curacao,Caribbean,"Branch of Mikve Israel congregation, Otrobanda neighborhood",21,"Maduro, 1982","Maduro, René, ed. 1982. Our “Snoa”, 5492-5742. Willemstad, Curaçao: Congregation Mikvé Isreal-Emmanuel Curaçao.",58
22,Neve Shalom,Abode of Peace,1651,1732,sephardic,117,Neve Shalom,12.1047416,-68.9326698,Willemstad,NULL,Curacao,1746,TRUE,1746,accurate,1818,1864,accurate,12.1047416,-68.9326698,Willemstad,NULL,Curacao,Caribbean,"Branch of Mikve Israel congregation, Otrobanda neighborhood",21,"Maduro, 1982","Maduro, René, ed. 1982. Our “Snoa”, 5492-5742. Willemstad, Curaçao: Congregation Mikvé Isreal-Emmanuel Curaçao.",58
23,Shaar Hashamayim,Gates of Heaven,1749,1749,sephardic,118,Shaar Hashamayim I,36.140751,-5.353585,Gibraltar,NULL,United Kingdom,1749,TRUE,1749,accurate,1766,1766,accurate,36.140751,-5.353585,Gibraltar,NULL,United Kingdom,Southern Europe,NULL,NULL,NULL,NULL,NULL
23,Shaar Hashamayim,Gates of Heaven,1749,1749,sephardic,119,Shaar Hashamayim II,36.140751,-5.353585,Gibraltar,NULL,United Kingdom,1768,TRUE,1768,accurate,1781,1781,accurate,36.140751,-5.353585,Gibraltar,NULL,United Kingdom,Southern Europe,NULL,NULL,NULL,NULL,NULL
23,Shaar Hashamayim,Gates of Heaven,1749,1749,sephardic,120,"Shaar Hashamayim III, Great Synagogue of Gibraltar",36.140751,-5.353585,Gibraltar,NULL,United Kingdom,1783,TRUE,1783,accurate,2021,0,,36.140751,-5.353585,Gibraltar,NULL,United Kingdom,Southern Europe,NULL,NULL,NULL,NULL,NULL
24,Jeshuat Israel,Salvation of Israel,1658,1758,sephardic,34,Touro Synagogue,41.4901024,-71.3128285,Newport,Rhode Island,United States,1763,TRUE,1763,accurate,1822,0,,41.4901024,-71.3128285,Newport,Rhode Island,United States,North America,Touro Synagogue,NULL,NULL,NULL,NULL
25,Nephuse Israel,Scattered of Israel,1658,1658,sephardic,NULL,NULL,NULL,NULL,NULL,NULL,NULL,NULL,NULL,NULL,NULL,2021,NULL,NULL,41.4901024,-71.3128285,Newport,Rhode Island,United States,North America,NULL,NULL,NULL,NULL,NULL
26,Mikveh Israel,Hope of Israel,1740,1740,sephardic-ashkenazi,125,Mikveh Israel,39.9525839,-75.1652215,Philadelphia,Pennsylvania,United States,1782,TRUE,1782,accurate,1825,1825,accurate,39.9525839,-75.1652215,Philadelphia,Pennsylvania,United States,North America,date of Spruce St cemetery,NULL,NULL,NULL,NULL
27,Beth Elohim,House of God,1749,1749,sephardic,14,Beth Elohim Synagogue,32.7764749,-79.9310512,Charleston,South Carolina,United States,1794,TRUE,1794,accurate,1838,1838,accurate,32.7764749,-79.9310512,Charleston,South Carolina,United States,North America,NULL,NULL,NULL,NULL,NULL
27,Beth Elohim,House of God,1749,1749,sephardic,101,Beth Elohim,32.7764749,-79.9310512,Charleston,South Carolina,United States,1841,TRUE,1841,accurate,2021,0,,32.7764749,-79.9310512,Charleston,South Carolina,United States,North America,NULL,NULL,NULL,NULL,NULL
28,Rodeph Shalom,NULL,1740,1795,ashkenazi,37,Rodeph Shalom,39.9525839,-75.1652215,Philadelphia,Pennsylvania,United States,1795,TRUE,1795,accurate,2021,1855,accurate,39.9525839,-75.1652215,Philadelphia,Pennsylvania,United States,North America,NULL,NULL,NULL,NULL,NULL
30,Congregation St. Croix,NULL,1764,1764,sephardic,108,Synagogue St. Croix,17.744077,-64.704155,Christiansted,NULL,St. Croix,1764,TRUE,1764,accurate,1765,1765,accurate,17.744077,-64.704155,Christiansted,NULL,St. Croix,Caribbean,NULL,4,"Gallery, 2016","Gallery, Wyatt, Stanley Mirvis, and Jonathan D. Sarna. 2016. Jewish Treasures of the Caribbean: The Legacy of Judaism in the New World. Atglen, PA: Schiffer Publishing Ltd.",232
31,Shearith Israel,Remnant of Israel,1768,1768,sephardic-ashkenazi,121,Shearith Israel,45.5016889,-73.567256,Montreal,Quebec,Canada,1777,TRUE,1777,accurate,1824,1824,accurate,45.5016889,-73.567256,Montreal,Quebec,Canada,North America,Followed Sephardic minhag for benefits in their jewish merchantile relations,8,"Stiefel, 2014","Stiefel, Barry, David Rittenberg, and Samuel Gruber. 2014. Jewish Sanctuary in the Atlantic World: A Social and Architectural History. Columbia, SC: University of South Carolina Press.",152
32,Darkhe Yesharim,Path of the Righteous,1666,1759,Judeo-African Brotherhood,NULL,NULL,NULL,NULL,NULL,NULL,NULL,NULL,NULL,NULL,NULL,2021,NULL,NULL,5.417798,-54.964218,Jodensavanne,NULL,Suriname,South America,"Judeo-Africans; auxilary of Berakha ve Shalom, not per se congregation",8,"Stiefel, 2014","Stiefel, Barry, David Rittenberg, and Samuel Gruber. 2014. Jewish Sanctuary in the Atlantic World: A Social and Architectural History. Columbia, SC: University of South Carolina Press.",200
33,Darkhe Yesharim,Path of the Righteous,1666,1779,Judeo-African Brotherhood,122,Darkhe Yesharim,5.8520355,-55.2038278,Paramaribo,NULL,Suriname,1779,FALSE,1779,accurate,1800,1800,accurate,5.8520355,-55.2038278,Paramaribo,NULL,Suriname,South America,"Judeo-African; practice faith w no ritual restrictions, sustained formal affiliation with Jodensavanne",8,"Stiefel, 2014","Stiefel, Barry, David Rittenberg, and Samuel Gruber. 2014. Jewish Sanctuary in the Atlantic World: A Social and Architectural History. Columbia, SC: University of South Carolina Press.",200
34,Congregation St. Maarten,NULL,1783,1783,sephardic,123,Synagogue St. Maarten,18.0295839,-63.0471371,Philipsburg,NULL,St. Maarten,1783,TRUE,1783,accurate,1800's,1828,estimate,18.0295839,-63.0471371,Philipsburg,NULL,St. Maarten,Caribbean,many refugees from St Eustatius,8,"Stiefel, 2014","Stiefel, Barry, David Rittenberg, and Samuel Gruber. 2014. Jewish Sanctuary in the Atlantic World: A Social and Architectural History. Columbia, SC: University of South Carolina Press.",262
35,Etz Chaim,Tree of Life,1749,1759,sephardic,124,Etz Chaim,36.140751,-5.353585,Gibraltar,NULL,United Kingdom,1783,TRUE,1783,accurate,2021,0,,36.140751,-5.353585,Gibraltar,NULL,United Kingdom,Southern Europe,"unclear if yeshiva, congregation, or both",8,"Stiefel, 2014","Stiefel, Barry, David Rittenberg, and Samuel Gruber. 2014. Jewish Sanctuary in the Atlantic World: A Social and Architectural History. Columbia, SC: University of South Carolina Press.",147
36,Kahal Kodosh Shaangare Yosher,Gates of the Upright (Rightousness),1684,1787,ashkenazi,20,Shaare Yosher,18.0178743,-76.8099041,Kingston,NULL,Jamaica,1789,TRUE,1789,accurate,1837,1837,accurate,18.0178743,-76.8099041,Kingston,NULL,Jamaica,Caribbean,Organized 16 October 1784/5548,96,"Andrade, 1941","Andrade, Jacob A.P.M. 1941. A Record of the Jews in Jamaica from the English Conquest to the Present Times. Kingston  Jamaica: Jamaica Times Ltd.
",55
36,Kahal Kodosh Shaangare Yosher,Gates of the Upright (Rightousness),1684,1787,ashkenazi,143,Shaare Yosher (II),18.0178743,-76.8099041,Kingston,NULL,Jamaica,1837,TRUE,1837,accurate,1882,1882,accurate,18.0178743,-76.8099041,Kingston,NULL,Jamaica,Caribbean,Organized 16 October 1784/5548,96,"Andrade, 1941","Andrade, Jacob A.P.M. 1941. A Record of the Jews in Jamaica from the English Conquest to the Present Times. Kingston  Jamaica: Jamaica Times Ltd.
",55
37,Beraka ve Shalom ve Gemilut Hasadim,Blessing and Peace and Acts of Piety,1796,1796,sephardic,126,Beraka ve Shalom ve Gemilut Hasadim (I),18.3419004,-64.9307007,Charlotte Amalie,NULL,St. Thomas,1796,TRUE,1796,accurate,1804,1804,accurate,18.3419004,-64.9307007,Charlotte Amalie,NULL,St. Thomas,Caribbean,many refugees from St Eustatius,8,"Stiefel, 2014","Stiefel, Barry, David Rittenberg, and Samuel Gruber. 2014. Jewish Sanctuary in the Atlantic World: A Social and Architectural History. Columbia, SC: University of South Carolina Press.",140
37,Beraka ve Shalom ve Gemilut Hasadim,Blessing and Peace and Acts of Piety,1796,1796,sephardic,128,Beraka ve Shalom ve Gemilut Hasadim (II),18.3419004,-64.9307007,Charlotte Amalie,NULL,St. Thomas,1813,TRUE,1813,accurate,1831,1831,accurate,18.3419004,-64.9307007,Charlotte Amalie,NULL,St. Thomas,Caribbean,many refugees from St Eustatius,8,"Stiefel, 2014","Stiefel, Barry, David Rittenberg, and Samuel Gruber. 2014. Jewish Sanctuary in the Atlantic World: A Social and Architectural History. Columbia, SC: University of South Carolina Press.",140
37,Beraka ve Shalom ve Gemilut Hasadim,Blessing and Peace and Acts of Piety,1796,1796,sephardic,98,Beraka ve Shalom ve Gemilut Hasadim,18.3419004,-64.9307007,Charlotte Amalie,NULL,St. Thomas,1833,TRUE,1833,accurate,2021,0,,18.3419004,-64.9307007,Charlotte Amalie,NULL,St. Thomas,Caribbean,many refugees from St Eustatius,8,"Stiefel, 2014","Stiefel, Barry, David Rittenberg, and Samuel Gruber. 2014. Jewish Sanctuary in the Atlantic World: A Social and Architectural History. Columbia, SC: University of South Carolina Press.",140
38,Mikveh Yisrael,Hope of Israel,1684,1790,ashkenazi,40,Mikveh Yisrael Synagogue,18.0193171,-76.9758274,Spanish Town,NULL,Jamaica,1796,TRUE,1796,accurate,1860,1895,accurate,18.0193171,-76.9758274,Spanish Town,NULL,Jamaica,Caribbean,split from Neve Shalom,8,"Stiefel, 2014","Stiefel, Barry, David Rittenberg, and Samuel Gruber. 2014. Jewish Sanctuary in the Atlantic World: A Social and Architectural History. Columbia, SC: University of South Carolina Press.",207
39,Nefusot Yehuda,Dispersed of Judah,1749,1799,sephardic,127,"Nefusot Yehuda, Flemish Synagogue",36.140751,-5.353585,Gibraltar,NULL,United Kingdom,1799,TRUE,1799,accurate,2021,0,,36.140751,-5.353585,Gibraltar,NULL,United Kingdom,Southern Europe,NULL,8,"Stiefel, 2014","Stiefel, Barry, David Rittenberg, and Samuel Gruber. 2014. Jewish Sanctuary in the Atlantic World: A Social and Architectural History. Columbia, SC: University of South Carolina Press.",267
40,Mickve Israel,Hope of Israel,1733,1733,sephardic,130,Mickve Israel,32.0835407,-81.0998342,Savannah,Georgia,United States,1820,TRUE,1820,accurate,1829,1829,accurate,32.0835407,-81.0998342,Savannah,Georgia,United States,North America,"42 jews arrived on William and Sarah, ship w Savannah founders",8,"Stiefel, 2014","Stiefel, Barry, David Rittenberg, and Samuel Gruber. 2014. Jewish Sanctuary in the Atlantic World: A Social and Architectural History. Columbia, SC: University of South Carolina Press.",176-77
41,Beth Shalome,House of Peace,1789,1789,sephardic,132,Beth Shalome,37.5407246,-77.4360481,Richmond,Virginia,United States,1822,TRUE,1822,accurate,1878,1934,accurate,37.5407246,-77.4360481,Richmond,Virginia,United States,North America,www.bethahabah.org/heritage/history/,0,NULL,NULL,
42,Abudarham,NULL,1749,1820,sephardic,131,Abudarham,36.140751,-5.353585,Gibraltar,NULL,United Kingdom,1821,TRUE,1821,accurate,2021,0,,36.140751,-5.353585,Gibraltar,NULL,United Kingdom,Southern Europe,"congregation expansion of yeshiva founded by Rabbi Solomon Aburdarham, by Moroccan immigrants as break from Shaar Hashamayim",0,NULL,NULL,NULL
43,Congregation of the Great Synagogue,NULL,1656,1690,ashkenazi,21,"Great Synagogue (first, near Duke's Place)",51.5073509,-0.1277583,London,NULL,England,1692,FALSE,1692,accurate,1722,0,,51.5073509,-0.1277583,London,NULL,England,Western Europe,"congregation of Great Synagogue, Dukes Place",72,"Roth, 1950","Roth, Cecil. 1950. The Great Synagogue, London, 1690-1940. London: E. Goldston.",NULL
43,Congregation of the Great Synagogue,NULL,1656,1690,ashkenazi,22,"Great Synagogue [Moses Hart's Shul] (second, near Duke's Place)",51.5073509,-0.1277583,London,NULL,England,1722,TRUE,1722,accurate,1766,1765,accurate,51.5073509,-0.1277583,London,NULL,England,Western Europe,"congregation of Great Synagogue, Dukes Place",72,"Roth, 1950","Roth, Cecil. 1950. The Great Synagogue, London, 1690-1940. London: E. Goldston.",NULL
43,Congregation of the Great Synagogue,NULL,1656,1690,ashkenazi,133,"Great Synagogue (Duke's Place, enlargement)",51.5073509,-0.1277583,London,NULL,England,1766,FALSE,1766,accurate,1790,1790,accurate,51.5073509,-0.1277583,London,NULL,England,Western Europe,"congregation of Great Synagogue, Dukes Place",72,"Roth, 1950","Roth, Cecil. 1950. The Great Synagogue, London, 1690-1940. London: E. Goldston.",NULL
43,Congregation of the Great Synagogue,NULL,1656,1690,ashkenazi,31,"Great Synagogue (third, near Duke's Place)",51.5073509,-0.1277583,London,NULL,England,1790,TRUE,1790,accurate,1941,1941,accurate,51.5073509,-0.1277583,London,NULL,England,Western Europe,"congregation of Great Synagogue, Dukes Place",72,"Roth, 1950","Roth, Cecil. 1950. The Great Synagogue, London, 1690-1940. London: E. Goldston.",NULL
44,Congregation of the Hambro Synagogue,NULL,1656,1707,ashkenazi,141,The Hambro Synagogue [Moses Marcus' Shul],51.5073509,-0.1277583,London,NULL,England,1707,FALSE,1707,accurate,1725,1725,accurate,51.5073509,-0.1277583,London,NULL,England,Western Europe,NULL,73,"Renton, 2000","Renton, Peter. 2000. The Lost Synagogues of London. London: Tymsder Pub.",39
44,Congregation of the Hambro Synagogue,NULL,1656,1707,ashkenazi,23,The Hambro Synagogue [Wolf Prager's Shul],51.5073509,-0.1277583,London,NULL,England,1725,TRUE,1725,accurate,1893,1893,accurate,51.5073509,-0.1277583,London,NULL,England,Western Europe,NULL,73,"Renton, 2000","Renton, Peter. 2000. The Lost Synagogues of London. London: Tymsder Pub.",39
45,Congregation of the New Synagogue,NULL,1656,1761,ashkenazi,29,New Synagogue [Bricklayer's Hall],51.5073509,-0.1277583,London,NULL,England,1761,FALSE,1761,accurate,1837,0,,51.5073509,-0.1277583,London,NULL,England,Western Europe,"first, ""The Society of Bricklayers' Hall""",73,"Renton, 2000","Renton, Peter. 2000. The Lost Synagogues of London. London: Tymsder Pub.",44
46,High German Congregation,NULL,1602,1635,ashkenazi,146,High German Synagogue,52.3702157,4.8951679,Amsterdam,NULL,Netherlands,1648,FALSE,1648,accurate,1671,1671,accurate,52.3702157,4.8951679,Amsterdam,NULL,Netherlands,Western Europe,Amsterdam Ashkenazi congregation founded,85,"Cohen Paraira and Smith, 2013","Cohen Paraira, David, and Jos Smith. 2013. “The Portuguese Jewish Community in Amsterdam.” In The Portuguese Synagogue in Amsterdam, 11–43. Amsterdam: WBooks.
",20
46,High German Congregation,NULL,1602,1635,ashkenazi,7,Grote Sjoel (Great Synagogue),52.3702157,4.8951679,Amsterdam,NULL,Netherlands,1671,TRUE,1671,accurate,2021,0,,52.3702157,4.8951679,Amsterdam,NULL,Netherlands,Western Europe,Amsterdam Ashkenazi congregation founded,85,"Cohen Paraira and Smith, 2013","Cohen Paraira, David, and Jos Smith. 2013. “The Portuguese Jewish Community in Amsterdam.” In The Portuguese Synagogue in Amsterdam, 11–43. Amsterdam: WBooks.
",20
46,High German Congregation,NULL,1602,1635,ashkenazi,9,Obbene Shul Synagogue,52.3702157,4.8951679,Amsterdam,NULL,Netherlands,1686,TRUE,1686,accurate,2021,0,,52.3702157,4.8951679,Amsterdam,NULL,Netherlands,Western Europe,Amsterdam Ashkenazi congregation founded,85,"Cohen Paraira and Smith, 2013","Cohen Paraira, David, and Jos Smith. 2013. “The Portuguese Jewish Community in Amsterdam.” In The Portuguese Synagogue in Amsterdam, 11–43. Amsterdam: WBooks.
",20
46,High German Congregation,NULL,1602,1635,ashkenazi,10,Dritt Shul,52.3702157,4.8951679,Amsterdam,NULL,Netherlands,1700,FALSE,1700,accurate,1777,1777,accurate,52.3702157,4.8951679,Amsterdam,NULL,Netherlands,Western Europe,Amsterdam Ashkenazi congregation founded,85,"Cohen Paraira and Smith, 2013","Cohen Paraira, David, and Jos Smith. 2013. “The Portuguese Jewish Community in Amsterdam.” In The Portuguese Synagogue in Amsterdam, 11–43. Amsterdam: WBooks.
",20
46,High German Congregation,NULL,1602,1635,ashkenazi,11,Nieuwe Synagoge,52.3702157,4.8951679,Amsterdam,NULL,Netherlands,1752,TRUE,1752,accurate,1943,0,,52.3702157,4.8951679,Amsterdam,NULL,Netherlands,Western Europe,Amsterdam Ashkenazi congregation founded,85,"Cohen Paraira and Smith, 2013","Cohen Paraira, David, and Jos Smith. 2013. “The Portuguese Jewish Community in Amsterdam.” In The Portuguese Synagogue in Amsterdam, 11–43. Amsterdam: WBooks.
",20
46,High German Congregation,NULL,1602,1635,ashkenazi,12,Uilenburgerstraat Synagoge,52.3702157,4.8951679,Amsterdam,NULL,Netherlands,1766,TRUE,1766,accurate,2021,0,,52.3702157,4.8951679,Amsterdam,NULL,Netherlands,Western Europe,Amsterdam Ashkenazi congregation founded,85,"Cohen Paraira and Smith, 2013","Cohen Paraira, David, and Jos Smith. 2013. “The Portuguese Jewish Community in Amsterdam.” In The Portuguese Synagogue in Amsterdam, 11–43. Amsterdam: WBooks.
",20
46,High German Congregation,NULL,1602,1635,ashkenazi,10,Dritt Sjoel,52.3702157,4.8951679,Amsterdam,NULL,Netherlands,1777,TRUE,1778,accurate,2021,0,,52.3702157,4.8951679,Amsterdam,NULL,Netherlands,Western Europe,Amsterdam Ashkenazi congregation founded,85,"Cohen Paraira and Smith, 2013","Cohen Paraira, David, and Jos Smith. 2013. “The Portuguese Jewish Community in Amsterdam.” In The Portuguese Synagogue in Amsterdam, 11–43. Amsterdam: WBooks.
",20
47,Congregation Cayenne,NULL,1660,1660,sephardic,110,Synagogue Cayenne,4.92242,-52.3134531,Cayenne,NULL,French Guyana,1661,TRUE,1661,accurate,1667,1667,accurate,4.92242,-52.3134531,Cayenne,NULL,French Guyana,South America,Best guess,8,"Stiefel, 2014","Stiefel, Barry, David Rittenberg, and Samuel Gruber. 2014. Jewish Sanctuary in the Atlantic World: A Social and Architectural History. Columbia, SC: University of South Carolina Press.",223
48,Honen Dal,NULL,1692,1698,sephardic,145,Honen Dal I,52.083333,4.316667,The Hague,NULL,Netherlands,1698,FALSE,1698,accurate,1726,1725,accurate,52.083333,4.316667,The Hague,NULL,Netherlands,Western Europe,"second seph synagogue est in 1698, by Jacob Abenacar Veiga, in his guest house on the Bierkade, and later moved to Casuariestraat and Lange Voorhout, fashionable part of the hague where wealth port. Jews lived. 1709, this congregation took name Honen Dal",80,"Vlaardingerbroek, ed., 2013","Vlaardingerbroek, Pieter, ed. 2013. The Portuguese Synagogue in Amsterdam. WBooks.",31
48,Honen Dal,NULL,1692,1698,sephardic,135,Honen Dal ,52.083333,4.316667,The Hague,NULL,Netherlands,1726,TRUE,1726,accurate,1943,0,,52.083333,4.316667,The Hague,NULL,Netherlands,Western Europe,"second seph synagogue est in 1698, by Jacob Abenacar Veiga, in his guest house on the Bierkade, and later moved to Casuariestraat and Lange Voorhout, fashionable part of the hague where wealth port. Jews lived. 1709, this congregation took name Honen Dal",80,"Vlaardingerbroek, ed., 2013","Vlaardingerbroek, Pieter, ed. 2013. The Portuguese Synagogue in Amsterdam. WBooks.",31
49,Beth Jacob,NULL,1692,1692,sephardic,144,Beth Jacob,52.083333,4.316667,The Hague,NULL,Netherlands,1692,FALSE,1692,accurate,1743,1743,accurate,52.083333,4.316667,The Hague,NULL,Netherlands,Western Europe,"largest sephardim outside Amsterdam in the Netherlands, was in the Hague- small group as early as 1677, official congregation established in 1692 by Jacob Pereira; merged w Honen Dal in 1743",80,"Vlaardingerbroek, ed., 2013","Vlaardingerbroek, Pieter, ed. 2013. The Portuguese Synagogue in Amsterdam. WBooks.",31
